peterDoe,Åsa,Baroche,Lower,mike.brown@example.com,password888
jenny567,Cécilia,Galego,Polleye,chris.miller@example.com,password777
alex1234,Naëlle,Speedin,,david.young@example.com,mypassword123
grace567,Maïwenn,Maciejak,Meys,kelly.cook@example.com,password444
grace567,Eloïse,Lavalle,Rutledge,adam.wright@example.com,password5678
mikeDoe1,Dorothée,Cleft,Howsin,lauren.king@example.com,123456789012
kevin123,Célia,Pesterfield,Castellani,alex.wilson@example.com,password000
mia5678,Lucrèce,Cottem,Tamlett,megan.scott@example.com,password123xyz
jessie56,Marylène,Loughlin,Navarijo,katie.wood@example.com,password888
ben12345,Bérengère,Fallanche,Kattenhorn,megan.scott@example.com,password777
mattDoe1,Maéna,Shipston,Enright,david.young@example.com,securepassword
anna5678,Océane,Crosskell,Rosenhaupt,megan.scott@example.com,password987654
mikeDoe1,Lóng,Garrold,Spurret,steve.baker@example.com,password9999
jessie56,Crééz,Beste,Libbie,emily.davis@example.com,passwordabc123
ryan1234,Hélène,Hearsey,Axleby,chris.miller@example.com,passwordabcxyz
lily5678,Hélène,Mcsarry,,patrick.adams@example.com,password222
nickDoe1,Pélagie,Dureden,Dumberell,adam.wright@example.com,password123456
anna5678,Märta,Ygoe,Stoak,sara.jones@example.com,passwordxyzabc
user1234,Séverine,Praundlin,Matei,kelly.cook@example.com,password987654
ella5678,Maëline,Gipp,,brandon.richards@example.com,password777
kevin123,Örjan,Staddom,Aronov,john.doe@example.com,password444
mikeDoe1,Yè,Menguy,Matthensen,amanda.jackson@example.com,password000
grace567,Naéva,Kwietek,Beau,olivia.hall@example.com,password123xyz
sara5678,Solène,Yaldren,,olivia.hall@example.com,passwordxyz123
alex1234,Magdalène,Guilloton,,brian.murphy@example.com,password999
sam56789,Gisèle,Stanbury,Feldberger,alex.wilson@example.com,password777
markDoe1,Märta,Franses,Andrasch,lauren.king@example.com,mypassword123
anna5678,Almérinda,Thames,Summerson,kevin.roberts@example.com,password123456
emily567,Adèle,Popland,Ortzen,steve.baker@example.com,passwordabcxyz
lisa1234,Irène,Woolam,Abba,ryan.thomas@example.com,password999
